username,password
loadtest0001,LoadTest@123456
loadtest0002,LoadTest@123456
loadtest0003,LoadTest@123456
loadtest0004,LoadTest@123456
loadtest0005,LoadTest@123456
loadtest0006,LoadTest@123456
loadtest0007,LoadTest@123456
loadtest0008,LoadTest@123456
loadtest0009,LoadTest@123456
loadtest0010,LoadTest@123456
loadtest0011,LoadTest@123456
loadtest0012,LoadTest@123456
loadtest0013,LoadTest@123456
loadtest0014,LoadTest@123456
loadtest0015,LoadTest@123456
loadtest0016,LoadTest@123456
loadtest0017,LoadTest@123456
loadtest0018,LoadTest@123456
loadtest0019,LoadTest@123456
loadtest0020,LoadTest@123456
loadtest0021,LoadTest@123456
loadtest0022,LoadTest@123456
loadtest0023,LoadTest@123456
loadtest0024,LoadTest@123456
loadtest0025,LoadTest@123456
loadtest0026,LoadTest@123456
loadtest0027,LoadTest@123456
loadtest0028,LoadTest@123456
loadtest0029,LoadTest@123456
loadtest0030,LoadTest@123456
loadtest0031,LoadTest@123456
loadtest0032,LoadTest@123456
loadtest0033,LoadTest@123456
loadtest0034,LoadTest@123456
loadtest0035,LoadTest@123456
loadtest0036,LoadTest@123456
loadtest0037,LoadTest@123456
loadtest0038,LoadTest@123456
loadtest0039,LoadTest@123456
loadtest0040,LoadTest@123456
loadtest0041,LoadTest@123456
loadtest0042,LoadTest@123456
loadtest0043,LoadTest@123456
loadtest0044,LoadTest@123456
loadtest0045,LoadTest@123456
loadtest0046,LoadTest@123456
loadtest0047,LoadTest@123456
loadtest0048,LoadTest@123456
loadtest0049,LoadTest@123456
loadtest0050,LoadTest@123456
loadtest0051,LoadTest@123456
loadtest0052,LoadTest@123456
loadtest0053,LoadTest@123456
loadtest0054,LoadTest@123456
loadtest0055,LoadTest@123456
loadtest0056,LoadTest@123456
loadtest0057,LoadTest@123456
loadtest0058,LoadTest@123456
loadtest0059,LoadTest@123456
loadtest0060,LoadTest@123456
loadtest0061,LoadTest@123456
loadtest0062,LoadTest@123456
loadtest0063,LoadTest@123456
loadtest0064,LoadTest@123456
loadtest0065,LoadTest@123456
loadtest0066,LoadTest@123456
loadtest0067,LoadTest@123456
loadtest0068,LoadTest@123456
loadtest0069,LoadTest@123456
loadtest0070,LoadTest@123456
loadtest0071,LoadTest@123456
loadtest0072,LoadTest@123456
loadtest0073,LoadTest@123456
loadtest0074,LoadTest@123456
loadtest0075,LoadTest@123456
loadtest0076,LoadTest@123456
loadtest0077,LoadTest@123456
loadtest0078,LoadTest@123456
loadtest0079,LoadTest@123456
loadtest0080,LoadTest@123456
loadtest0081,LoadTest@123456
loadtest0082,LoadTest@123456
loadtest0083,LoadTest@123456
loadtest0084,LoadTest@123456
loadtest0085,LoadTest@123456
loadtest0086,LoadTest@123456
loadtest0087,LoadTest@123456
loadtest0088,LoadTest@123456
loadtest0089,LoadTest@123456
loadtest0090,LoadTest@123456
loadtest0091,LoadTest@123456
loadtest0092,LoadTest@123456
loadtest0093,LoadTest@123456
loadtest0094,LoadTest@123456
loadtest0095,LoadTest@123456
loadtest0096,LoadTest@123456
loadtest0097,LoadTest@123456
loadtest0098,LoadTest@123456
loadtest0099,LoadTest@123456
loadtest0100,LoadTest@123456
loadtest0101,LoadTest@123456
loadtest0102,LoadTest@123456
loadtest0103,LoadTest@123456
loadtest0104,LoadTest@123456
loadtest0105,LoadTest@123456
loadtest0106,LoadTest@123456
loadtest0107,LoadTest@123456
loadtest0108,LoadTest@123456
loadtest0109,LoadTest@123456
loadtest0110,LoadTest@123456
loadtest0111,LoadTest@123456
loadtest0112,LoadTest@123456
loadtest0113,LoadTest@123456
loadtest0114,LoadTest@123456
loadtest0115,LoadTest@123456
loadtest0116,LoadTest@123456
loadtest0117,LoadTest@123456
loadtest0118,LoadTest@123456
loadtest0119,LoadTest@123456
loadtest0120,LoadTest@123456
loadtest0121,LoadTest@123456
loadtest0122,LoadTest@123456
loadtest0123,LoadTest@123456
loadtest0124,LoadTest@123456
loadtest0125,LoadTest@123456
loadtest0126,LoadTest@123456
loadtest0127,LoadTest@123456
loadtest0128,LoadTest@123456
loadtest0129,LoadTest@123456
loadtest0130,LoadTest@123456
loadtest0131,LoadTest@123456
loadtest0132,LoadTest@123456
loadtest0133,LoadTest@123456
loadtest0134,LoadTest@123456
loadtest0135,LoadTest@123456
loadtest0136,LoadTest@123456
loadtest0137,LoadTest@123456
loadtest0138,LoadTest@123456
loadtest0139,LoadTest@123456
loadtest0140,LoadTest@123456
loadtest0141,LoadTest@123456
loadtest0142,LoadTest@123456
loadtest0143,LoadTest@123456
loadtest0144,LoadTest@123456
loadtest0145,LoadTest@123456
loadtest0146,LoadTest@123456
loadtest0147,LoadTest@123456
loadtest0148,LoadTest@123456
loadtest0149,LoadTest@123456
loadtest0150,LoadTest@123456
loadtest0151,LoadTest@123456
loadtest0152,LoadTest@123456
loadtest0153,LoadTest@123456
loadtest0154,LoadTest@123456
loadtest0155,LoadTest@123456
loadtest0156,LoadTest@123456
loadtest0157,LoadTest@123456
loadtest0158,LoadTest@123456
loadtest0159,LoadTest@123456
loadtest0160,LoadTest@123456
loadtest0161,LoadTest@123456
loadtest0162,LoadTest@123456
loadtest0163,LoadTest@123456
loadtest0164,LoadTest@123456
loadtest0165,LoadTest@123456
loadtest0166,LoadTest@123456
loadtest0167,LoadTest@123456
loadtest0168,LoadTest@123456
loadtest0169,LoadTest@123456
loadtest0170,LoadTest@123456
loadtest0171,LoadTest@123456
loadtest0172,LoadTest@123456
loadtest0173,LoadTest@123456
loadtest0174,LoadTest@123456
loadtest0175,LoadTest@123456
loadtest0176,LoadTest@123456
loadtest0177,LoadTest@123456
loadtest0178,LoadTest@123456
loadtest0179,LoadTest@123456
loadtest0180,LoadTest@123456
loadtest0181,LoadTest@123456
loadtest0182,LoadTest@123456
loadtest0183,LoadTest@123456
loadtest0184,LoadTest@123456
loadtest0185,LoadTest@123456
loadtest0186,LoadTest@123456
loadtest0187,LoadTest@123456
loadtest0188,LoadTest@123456
loadtest0189,LoadTest@123456
loadtest0190,LoadTest@123456
loadtest0191,LoadTest@123456
loadtest0192,LoadTest@123456
loadtest0193,LoadTest@123456
loadtest0194,LoadTest@123456
loadtest0195,LoadTest@123456
loadtest0196,LoadTest@123456
loadtest0197,LoadTest@123456
loadtest0198,LoadTest@123456
loadtest0199,LoadTest@123456
loadtest0200,LoadTest@123456
loadtest0201,LoadTest@123456
loadtest0202,LoadTest@123456
loadtest0203,LoadTest@123456
loadtest0204,LoadTest@123456
loadtest0205,LoadTest@123456
loadtest0206,LoadTest@123456
loadtest0207,LoadTest@123456
loadtest0208,LoadTest@123456
loadtest0209,LoadTest@123456
loadtest0210,LoadTest@123456
loadtest0211,LoadTest@123456
loadtest0212,LoadTest@123456
loadtest0213,LoadTest@123456
loadtest0214,LoadTest@123456
loadtest0215,LoadTest@123456
loadtest0216,LoadTest@123456
loadtest0217,LoadTest@123456
loadtest0218,LoadTest@123456
loadtest0219,LoadTest@123456
loadtest0220,LoadTest@123456
loadtest0221,LoadTest@123456
loadtest0222,LoadTest@123456
loadtest0223,LoadTest@123456
loadtest0224,LoadTest@123456
loadtest0225,LoadTest@123456
loadtest0226,LoadTest@123456
loadtest0227,LoadTest@123456
loadtest0228,LoadTest@123456
loadtest0229,LoadTest@123456
loadtest0230,LoadTest@123456
loadtest0231,LoadTest@123456
loadtest0232,LoadTest@123456
loadtest0233,LoadTest@123456
loadtest0234,LoadTest@123456
loadtest0235,LoadTest@123456
loadtest0236,LoadTest@123456
loadtest0237,LoadTest@123456
loadtest0238,LoadTest@123456
loadtest0239,LoadTest@123456
loadtest0240,LoadTest@123456
loadtest0241,LoadTest@123456
loadtest0242,LoadTest@123456
loadtest0243,LoadTest@123456
loadtest0244,LoadTest@123456
loadtest0245,LoadTest@123456
loadtest0246,LoadTest@123456
loadtest0247,LoadTest@123456
loadtest0248,LoadTest@123456
loadtest0249,LoadTest@123456
loadtest0250,LoadTest@123456
loadtest0251,LoadTest@123456
loadtest0252,LoadTest@123456
loadtest0253,LoadTest@123456
loadtest0254,LoadTest@123456
loadtest0255,LoadTest@123456
loadtest0256,LoadTest@123456
loadtest0257,LoadTest@123456
loadtest0258,LoadTest@123456
loadtest0259,LoadTest@123456
loadtest0260,LoadTest@123456
loadtest0261,LoadTest@123456
loadtest0262,LoadTest@123456
loadtest0263,LoadTest@123456
loadtest0264,LoadTest@123456
loadtest0265,LoadTest@123456
loadtest0266,LoadTest@123456
loadtest0267,LoadTest@123456
loadtest0268,LoadTest@123456
loadtest0269,LoadTest@123456
loadtest0270,LoadTest@123456
loadtest0271,LoadTest@123456
loadtest0272,LoadTest@123456
loadtest0273,LoadTest@123456
loadtest0274,LoadTest@123456
loadtest0275,LoadTest@123456
loadtest0276,LoadTest@123456
loadtest0277,LoadTest@123456
loadtest0278,LoadTest@123456
loadtest0279,LoadTest@123456
loadtest0280,LoadTest@123456
loadtest0281,LoadTest@123456
loadtest0282,LoadTest@123456
loadtest0283,LoadTest@123456
loadtest0284,LoadTest@123456
loadtest0285,LoadTest@123456
loadtest0286,LoadTest@123456
loadtest0287,LoadTest@123456
loadtest0288,LoadTest@123456
loadtest0289,LoadTest@123456
loadtest0290,LoadTest@123456
loadtest0291,LoadTest@123456
loadtest0292,LoadTest@123456
loadtest0293,LoadTest@123456
loadtest0294,LoadTest@123456
loadtest0295,LoadTest@123456
loadtest0296,LoadTest@123456
loadtest0297,LoadTest@123456
loadtest0298,LoadTest@123456
loadtest0299,LoadTest@123456
loadtest0300,LoadTest@123456
loadtest0301,LoadTest@123456
loadtest0302,LoadTest@123456
loadtest0303,LoadTest@123456
loadtest0304,LoadTest@123456
loadtest0305,LoadTest@123456
loadtest0306,LoadTest@123456
loadtest0307,LoadTest@123456
loadtest0308,LoadTest@123456
loadtest0309,LoadTest@123456
loadtest0310,LoadTest@123456
loadtest0311,LoadTest@123456
loadtest0312,LoadTest@123456
loadtest0313,LoadTest@123456
loadtest0314,LoadTest@123456
loadtest0315,LoadTest@123456
loadtest0316,LoadTest@123456
loadtest0317,LoadTest@123456
loadtest0318,LoadTest@123456
loadtest0319,LoadTest@123456
loadtest0320,LoadTest@123456
loadtest0321,LoadTest@123456
loadtest0322,LoadTest@123456
loadtest0323,LoadTest@123456
loadtest0324,LoadTest@123456
loadtest0325,LoadTest@123456
loadtest0326,LoadTest@123456
loadtest0327,LoadTest@123456
loadtest0328,LoadTest@123456
loadtest0329,LoadTest@123456
loadtest0330,LoadTest@123456
loadtest0331,LoadTest@123456
loadtest0332,LoadTest@123456
loadtest0333,LoadTest@123456
loadtest0334,LoadTest@123456
loadtest0335,LoadTest@123456
loadtest0336,LoadTest@123456
loadtest0337,LoadTest@123456
loadtest0338,LoadTest@123456
loadtest0339,LoadTest@123456
loadtest0340,LoadTest@123456
loadtest0341,LoadTest@123456
loadtest0342,LoadTest@123456
loadtest0343,LoadTest@123456
loadtest0344,LoadTest@123456
loadtest0345,LoadTest@123456
loadtest0346,LoadTest@123456
loadtest0347,LoadTest@123456
loadtest0348,LoadTest@123456
loadtest0349,LoadTest@123456
loadtest0350,LoadTest@123456
loadtest0351,LoadTest@123456
loadtest0352,LoadTest@123456
loadtest0353,LoadTest@123456
loadtest0354,LoadTest@123456
loadtest0355,LoadTest@123456
loadtest0356,LoadTest@123456
loadtest0357,LoadTest@123456
loadtest0358,LoadTest@123456
loadtest0359,LoadTest@123456
loadtest0360,LoadTest@123456
loadtest0361,LoadTest@123456
loadtest0362,LoadTest@123456
loadtest0363,LoadTest@123456
loadtest0364,LoadTest@123456
loadtest0365,LoadTest@123456
loadtest0366,LoadTest@123456
loadtest0367,LoadTest@123456
loadtest0368,LoadTest@123456
loadtest0369,LoadTest@123456
loadtest0370,LoadTest@123456
loadtest0371,LoadTest@123456
loadtest0372,LoadTest@123456
loadtest0373,LoadTest@123456
loadtest0374,LoadTest@123456
loadtest0375,LoadTest@123456
loadtest0376,LoadTest@123456
loadtest0377,LoadTest@123456
loadtest0378,LoadTest@123456
loadtest0379,LoadTest@123456
loadtest0380,LoadTest@123456
loadtest0381,LoadTest@123456
loadtest0382,LoadTest@123456
loadtest0383,LoadTest@123456
loadtest0384,LoadTest@123456
loadtest0385,LoadTest@123456
loadtest0386,LoadTest@123456
loadtest0387,LoadTest@123456
loadtest0388,LoadTest@123456
loadtest0389,LoadTest@123456
loadtest0390,LoadTest@123456
loadtest0391,LoadTest@123456
loadtest0392,LoadTest@123456
loadtest0393,LoadTest@123456
loadtest0394,LoadTest@123456
loadtest0395,LoadTest@123456
loadtest0396,LoadTest@123456
loadtest0397,LoadTest@123456
loadtest0398,LoadTest@123456
loadtest0399,LoadTest@123456
loadtest0400,LoadTest@123456
loadtest0401,LoadTest@123456
loadtest0402,LoadTest@123456
loadtest0403,LoadTest@123456
loadtest0404,LoadTest@123456
loadtest0405,LoadTest@123456
loadtest0406,LoadTest@123456
loadtest0407,LoadTest@123456
loadtest0408,LoadTest@123456
loadtest0409,LoadTest@123456
loadtest0410,LoadTest@123456
loadtest0411,LoadTest@123456
loadtest0412,LoadTest@123456
loadtest0413,LoadTest@123456
loadtest0414,LoadTest@123456
loadtest0415,LoadTest@123456
loadtest0416,LoadTest@123456
loadtest0417,LoadTest@123456
loadtest0418,LoadTest@123456
loadtest0419,LoadTest@123456
loadtest0420,LoadTest@123456
loadtest0421,LoadTest@123456
loadtest0422,LoadTest@123456
loadtest0423,LoadTest@123456
loadtest0424,LoadTest@123456
loadtest0425,LoadTest@123456
loadtest0426,LoadTest@123456
loadtest0427,LoadTest@123456
loadtest0428,LoadTest@123456
loadtest0429,LoadTest@123456
loadtest0430,LoadTest@123456
loadtest0431,LoadTest@123456
loadtest0432,LoadTest@123456
loadtest0433,LoadTest@123456
loadtest0434,LoadTest@123456
loadtest0435,LoadTest@123456
loadtest0436,LoadTest@123456
loadtest0437,LoadTest@123456
loadtest0438,LoadTest@123456
loadtest0439,LoadTest@123456
loadtest0440,LoadTest@123456
loadtest0441,LoadTest@123456
loadtest0442,LoadTest@123456
loadtest0443,LoadTest@123456
loadtest0444,LoadTest@123456
loadtest0445,LoadTest@123456
loadtest0446,LoadTest@123456
loadtest0447,LoadTest@123456
loadtest0448,LoadTest@123456
loadtest0449,LoadTest@123456
loadtest0450,LoadTest@123456
loadtest0451,LoadTest@123456
loadtest0452,LoadTest@123456
loadtest0453,LoadTest@123456
loadtest0454,LoadTest@123456
loadtest0455,LoadTest@123456
loadtest0456,LoadTest@123456
loadtest0457,LoadTest@123456
loadtest0458,LoadTest@123456
loadtest0459,LoadTest@123456
loadtest0460,LoadTest@123456
loadtest0461,LoadTest@123456
loadtest0462,LoadTest@123456
loadtest0463,LoadTest@123456
loadtest0464,LoadTest@123456
loadtest0465,LoadTest@123456
loadtest0466,LoadTest@123456
loadtest0467,LoadTest@123456
loadtest0468,LoadTest@123456
loadtest0469,LoadTest@123456
loadtest0470,LoadTest@123456
loadtest0471,LoadTest@123456
loadtest0472,LoadTest@123456
loadtest0473,LoadTest@123456
loadtest0474,LoadTest@123456
loadtest0475,LoadTest@123456
loadtest0476,LoadTest@123456
loadtest0477,LoadTest@123456
loadtest0478,LoadTest@123456
loadtest0479,LoadTest@123456
loadtest0480,LoadTest@123456
loadtest0481,LoadTest@123456
loadtest0482,LoadTest@123456
loadtest0483,LoadTest@123456
loadtest0484,LoadTest@123456
loadtest0485,LoadTest@123456
loadtest0486,LoadTest@123456
loadtest0487,LoadTest@123456
loadtest0488,LoadTest@123456
loadtest0489,LoadTest@123456
loadtest0490,LoadTest@123456
loadtest0491,LoadTest@123456
loadtest0492,LoadTest@123456
loadtest0493,LoadTest@123456
loadtest0494,LoadTest@123456
loadtest0495,LoadTest@123456
loadtest0496,LoadTest@123456
loadtest0497,LoadTest@123456
loadtest0498,LoadTest@123456
loadtest0499,LoadTest@123456
loadtest0500,LoadTest@123456
loadtest0501,LoadTest@123456
loadtest0502,LoadTest@123456
loadtest0503,LoadTest@123456
loadtest0504,LoadTest@123456
loadtest0505,LoadTest@123456
loadtest0506,LoadTest@123456
loadtest0507,LoadTest@123456
loadtest0508,LoadTest@123456
loadtest0509,LoadTest@123456
loadtest0510,LoadTest@123456
loadtest0511,LoadTest@123456
loadtest0512,LoadTest@123456
loadtest0513,LoadTest@123456
loadtest0514,LoadTest@123456
loadtest0515,LoadTest@123456
loadtest0516,LoadTest@123456
loadtest0517,LoadTest@123456
loadtest0518,LoadTest@123456
loadtest0519,LoadTest@123456
loadtest0520,LoadTest@123456
loadtest0521,LoadTest@123456
loadtest0522,LoadTest@123456
loadtest0523,LoadTest@123456
loadtest0524,LoadTest@123456
loadtest0525,LoadTest@123456
loadtest0526,LoadTest@123456
loadtest0527,LoadTest@123456
loadtest0528,LoadTest@123456
loadtest0529,LoadTest@123456
loadtest0530,LoadTest@123456
loadtest0531,LoadTest@123456
loadtest0532,LoadTest@123456
loadtest0533,LoadTest@123456
loadtest0534,LoadTest@123456
loadtest0535,LoadTest@123456
loadtest0536,LoadTest@123456
loadtest0537,LoadTest@123456
loadtest0538,LoadTest@123456
loadtest0539,LoadTest@123456
loadtest0540,LoadTest@123456
loadtest0541,LoadTest@123456
loadtest0542,LoadTest@123456
loadtest0543,LoadTest@123456
loadtest0544,LoadTest@123456
loadtest0545,LoadTest@123456
loadtest0546,LoadTest@123456
loadtest0547,LoadTest@123456
loadtest0548,LoadTest@123456
loadtest0549,LoadTest@123456
loadtest0550,LoadTest@123456
loadtest0551,LoadTest@123456
loadtest0552,LoadTest@123456
loadtest0553,LoadTest@123456
loadtest0554,LoadTest@123456
loadtest0555,LoadTest@123456
loadtest0556,LoadTest@123456
loadtest0557,LoadTest@123456
loadtest0558,LoadTest@123456
loadtest0559,LoadTest@123456
loadtest0560,LoadTest@123456
loadtest0561,LoadTest@123456
loadtest0562,LoadTest@123456
loadtest0563,LoadTest@123456
loadtest0564,LoadTest@123456
loadtest0565,LoadTest@123456
loadtest0566,LoadTest@123456
loadtest0567,LoadTest@123456
loadtest0568,LoadTest@123456
loadtest0569,LoadTest@123456
loadtest0570,LoadTest@123456
loadtest0571,LoadTest@123456
loadtest0572,LoadTest@123456
loadtest0573,LoadTest@123456
loadtest0574,LoadTest@123456
loadtest0575,LoadTest@123456
loadtest0576,LoadTest@123456
loadtest0577,LoadTest@123456
loadtest0578,LoadTest@123456
loadtest0579,LoadTest@123456
loadtest0580,LoadTest@123456
loadtest0581,LoadTest@123456
loadtest0582,LoadTest@123456
loadtest0583,LoadTest@123456
loadtest0584,LoadTest@123456
loadtest0585,LoadTest@123456
loadtest0586,LoadTest@123456
loadtest0587,LoadTest@123456
loadtest0588,LoadTest@123456
loadtest0589,LoadTest@123456
loadtest0590,LoadTest@123456
loadtest0591,LoadTest@123456
loadtest0592,LoadTest@123456
loadtest0593,LoadTest@123456
loadtest0594,LoadTest@123456
loadtest0595,LoadTest@123456
loadtest0596,LoadTest@123456
loadtest0597,LoadTest@123456
loadtest0598,LoadTest@123456
loadtest0599,LoadTest@123456
loadtest0600,LoadTest@123456
loadtest0601,LoadTest@123456
loadtest0602,LoadTest@123456
loadtest0603,LoadTest@123456
loadtest0604,LoadTest@123456
loadtest0605,LoadTest@123456
loadtest0606,LoadTest@123456
loadtest0607,LoadTest@123456
loadtest0608,LoadTest@123456
loadtest0609,LoadTest@123456
loadtest0610,LoadTest@123456
loadtest0611,LoadTest@123456
loadtest0612,LoadTest@123456
loadtest0613,LoadTest@123456
loadtest0614,LoadTest@123456
loadtest0615,LoadTest@123456
loadtest0616,LoadTest@123456
loadtest0617,LoadTest@123456
loadtest0618,LoadTest@123456
loadtest0619,LoadTest@123456
loadtest0620,LoadTest@123456
loadtest0621,LoadTest@123456
loadtest0622,LoadTest@123456
loadtest0623,LoadTest@123456
loadtest0624,LoadTest@123456
loadtest0625,LoadTest@123456
loadtest0626,LoadTest@123456
loadtest0627,LoadTest@123456
loadtest0628,LoadTest@123456
loadtest0629,LoadTest@123456
loadtest0630,LoadTest@123456
loadtest0631,LoadTest@123456
loadtest0632,LoadTest@123456
loadtest0633,LoadTest@123456
loadtest0634,LoadTest@123456
loadtest0635,LoadTest@123456
loadtest0636,LoadTest@123456
loadtest0637,LoadTest@123456
loadtest0638,LoadTest@123456
loadtest0639,LoadTest@123456
loadtest0640,LoadTest@123456
loadtest0641,LoadTest@123456
loadtest0642,LoadTest@123456
loadtest0643,LoadTest@123456
loadtest0644,LoadTest@123456
loadtest0645,LoadTest@123456
loadtest0646,LoadTest@123456
loadtest0647,LoadTest@123456
loadtest0648,LoadTest@123456
loadtest0649,LoadTest@123456
loadtest0650,LoadTest@123456
loadtest0651,LoadTest@123456
loadtest0652,LoadTest@123456
loadtest0653,LoadTest@123456
loadtest0654,LoadTest@123456
loadtest0655,LoadTest@123456
loadtest0656,LoadTest@123456
loadtest0657,LoadTest@123456
loadtest0658,LoadTest@123456
loadtest0659,LoadTest@123456
loadtest0660,LoadTest@123456
loadtest0661,LoadTest@123456
loadtest0662,LoadTest@123456
loadtest0663,LoadTest@123456
loadtest0664,LoadTest@123456
loadtest0665,LoadTest@123456
loadtest0666,LoadTest@123456
loadtest0667,LoadTest@123456
loadtest0668,LoadTest@123456
loadtest0669,LoadTest@123456
loadtest0670,LoadTest@123456
loadtest0671,LoadTest@123456
loadtest0672,LoadTest@123456
loadtest0673,LoadTest@123456
loadtest0674,LoadTest@123456
loadtest0675,LoadTest@123456
loadtest0676,LoadTest@123456
loadtest0677,LoadTest@123456
loadtest0678,LoadTest@123456
loadtest0679,LoadTest@123456
loadtest0680,LoadTest@123456
loadtest0681,LoadTest@123456
loadtest0682,LoadTest@123456
loadtest0683,LoadTest@123456
loadtest0684,LoadTest@123456
loadtest0685,LoadTest@123456
loadtest0686,LoadTest@123456
loadtest0687,LoadTest@123456
loadtest0688,LoadTest@123456
loadtest0689,LoadTest@123456
loadtest0690,LoadTest@123456
loadtest0691,LoadTest@123456
loadtest0692,LoadTest@123456
loadtest0693,LoadTest@123456
loadtest0694,LoadTest@123456
loadtest0695,LoadTest@123456
loadtest0696,LoadTest@123456
loadtest0697,LoadTest@123456
loadtest0698,LoadTest@123456
loadtest0699,LoadTest@123456
loadtest0700,LoadTest@123456
loadtest0701,LoadTest@123456
loadtest0702,LoadTest@123456
loadtest0703,LoadTest@123456
loadtest0704,LoadTest@123456
loadtest0705,LoadTest@123456
loadtest0706,LoadTest@123456
loadtest0707,LoadTest@123456
loadtest0708,LoadTest@123456
loadtest0709,LoadTest@123456
loadtest0710,LoadTest@123456
loadtest0711,LoadTest@123456
loadtest0712,LoadTest@123456
loadtest0713,LoadTest@123456
loadtest0714,LoadTest@123456
loadtest0715,LoadTest@123456
loadtest0716,LoadTest@123456
loadtest0717,LoadTest@123456
loadtest0718,LoadTest@123456
loadtest0719,LoadTest@123456
loadtest0720,LoadTest@123456
loadtest0721,LoadTest@123456
loadtest0722,LoadTest@123456
loadtest0723,LoadTest@123456
loadtest0724,LoadTest@123456
loadtest0725,LoadTest@123456
loadtest0726,LoadTest@123456
loadtest0727,LoadTest@123456
loadtest0728,LoadTest@123456
loadtest0729,LoadTest@123456
loadtest0730,LoadTest@123456
loadtest0731,LoadTest@123456
loadtest0732,LoadTest@123456
loadtest0733,LoadTest@123456
loadtest0734,LoadTest@123456
loadtest0735,LoadTest@123456
loadtest0736,LoadTest@123456
loadtest0737,LoadTest@123456
loadtest0738,LoadTest@123456
loadtest0739,LoadTest@123456
loadtest0740,LoadTest@123456
loadtest0741,LoadTest@123456
loadtest0742,LoadTest@123456
loadtest0743,LoadTest@123456
loadtest0744,LoadTest@123456
loadtest0745,LoadTest@123456
loadtest0746,LoadTest@123456
loadtest0747,LoadTest@123456
loadtest0748,LoadTest@123456
loadtest0749,LoadTest@123456
loadtest0750,LoadTest@123456
loadtest0751,LoadTest@123456
loadtest0752,LoadTest@123456
loadtest0753,LoadTest@123456
loadtest0754,LoadTest@123456
loadtest0755,LoadTest@123456
loadtest0756,LoadTest@123456
loadtest0757,LoadTest@123456
loadtest0758,LoadTest@123456
loadtest0759,LoadTest@123456
loadtest0760,LoadTest@123456
loadtest0761,LoadTest@123456
loadtest0762,LoadTest@123456
loadtest0763,LoadTest@123456
loadtest0764,LoadTest@123456
loadtest0765,LoadTest@123456
loadtest0766,LoadTest@123456
loadtest0767,LoadTest@123456
loadtest0768,LoadTest@123456
loadtest0769,LoadTest@123456
loadtest0770,LoadTest@123456
loadtest0771,LoadTest@123456
loadtest0772,LoadTest@123456
loadtest0773,LoadTest@123456
loadtest0774,LoadTest@123456
loadtest0775,LoadTest@123456
loadtest0776,LoadTest@123456
loadtest0777,LoadTest@123456
loadtest0778,LoadTest@123456
loadtest0779,LoadTest@123456
loadtest0780,LoadTest@123456
loadtest0781,LoadTest@123456
loadtest0782,LoadTest@123456
loadtest0783,LoadTest@123456
loadtest0784,LoadTest@123456
loadtest0785,LoadTest@123456
loadtest0786,LoadTest@123456
loadtest0787,LoadTest@123456
loadtest0788,LoadTest@123456
loadtest0789,LoadTest@123456
loadtest0790,LoadTest@123456
loadtest0791,LoadTest@123456
loadtest0792,LoadTest@123456
loadtest0793,LoadTest@123456
loadtest0794,LoadTest@123456
loadtest0795,LoadTest@123456
loadtest0796,LoadTest@123456
loadtest0797,LoadTest@123456
loadtest0798,LoadTest@123456
loadtest0799,LoadTest@123456
loadtest0800,LoadTest@123456
loadtest0801,LoadTest@123456
loadtest0802,LoadTest@123456
loadtest0803,LoadTest@123456
loadtest0804,LoadTest@123456
loadtest0805,LoadTest@123456
loadtest0806,LoadTest@123456
loadtest0807,LoadTest@123456
loadtest0808,LoadTest@123456
loadtest0809,LoadTest@123456
loadtest0810,LoadTest@123456
loadtest0811,LoadTest@123456
loadtest0812,LoadTest@123456
loadtest0813,LoadTest@123456
loadtest0814,LoadTest@123456
loadtest0815,LoadTest@123456
loadtest0816,LoadTest@123456
loadtest0817,LoadTest@123456
loadtest0818,LoadTest@123456
loadtest0819,LoadTest@123456
loadtest0820,LoadTest@123456
loadtest0821,LoadTest@123456
loadtest0822,LoadTest@123456
loadtest0823,LoadTest@123456
loadtest0824,LoadTest@123456
loadtest0825,LoadTest@123456
loadtest0826,LoadTest@123456
loadtest0827,LoadTest@123456
loadtest0828,LoadTest@123456
loadtest0829,LoadTest@123456
loadtest0830,LoadTest@123456
loadtest0831,LoadTest@123456
loadtest0832,LoadTest@123456
loadtest0833,LoadTest@123456
loadtest0834,LoadTest@123456
loadtest0835,LoadTest@123456
loadtest0836,LoadTest@123456
loadtest0837,LoadTest@123456
loadtest0838,LoadTest@123456
loadtest0839,LoadTest@123456
loadtest0840,LoadTest@123456
loadtest0841,LoadTest@123456
loadtest0842,LoadTest@123456
loadtest0843,LoadTest@123456
loadtest0844,LoadTest@123456
loadtest0845,LoadTest@123456
loadtest0846,LoadTest@123456
loadtest0847,LoadTest@123456
loadtest0848,LoadTest@123456
loadtest0849,LoadTest@123456
loadtest0850,LoadTest@123456
loadtest0851,LoadTest@123456
loadtest0852,LoadTest@123456
loadtest0853,LoadTest@123456
loadtest0854,LoadTest@123456
loadtest0855,LoadTest@123456
loadtest0856,LoadTest@123456
loadtest0857,LoadTest@123456
loadtest0858,LoadTest@123456
loadtest0859,LoadTest@123456
loadtest0860,LoadTest@123456
loadtest0861,LoadTest@123456
loadtest0862,LoadTest@123456
loadtest0863,LoadTest@123456
loadtest0864,LoadTest@123456
loadtest0865,LoadTest@123456
loadtest0866,LoadTest@123456
loadtest0867,LoadTest@123456
loadtest0868,LoadTest@123456
loadtest0869,LoadTest@123456
loadtest0870,LoadTest@123456
loadtest0871,LoadTest@123456
loadtest0872,LoadTest@123456
loadtest0873,LoadTest@123456
loadtest0874,LoadTest@123456
loadtest0875,LoadTest@123456
loadtest0876,LoadTest@123456
loadtest0877,LoadTest@123456
loadtest0878,LoadTest@123456
loadtest0879,LoadTest@123456
loadtest0880,LoadTest@123456
loadtest0881,LoadTest@123456
loadtest0882,LoadTest@123456
loadtest0883,LoadTest@123456
loadtest0884,LoadTest@123456
loadtest0885,LoadTest@123456
loadtest0886,LoadTest@123456
loadtest0887,LoadTest@123456
loadtest0888,LoadTest@123456
loadtest0889,LoadTest@123456
loadtest0890,LoadTest@123456
loadtest0891,LoadTest@123456
loadtest0892,LoadTest@123456
loadtest0893,LoadTest@123456
loadtest0894,LoadTest@123456
loadtest0895,LoadTest@123456
loadtest0896,LoadTest@123456
loadtest0897,LoadTest@123456
loadtest0898,LoadTest@123456
loadtest0899,LoadTest@123456
loadtest0900,LoadTest@123456
loadtest0901,LoadTest@123456
loadtest0902,LoadTest@123456
loadtest0903,LoadTest@123456
loadtest0904,LoadTest@123456
loadtest0905,LoadTest@123456
loadtest0906,LoadTest@123456
loadtest0907,LoadTest@123456
loadtest0908,LoadTest@123456
loadtest0909,LoadTest@123456
loadtest0910,LoadTest@123456
loadtest0911,LoadTest@123456
loadtest0912,LoadTest@123456
loadtest0913,LoadTest@123456
loadtest0914,LoadTest@123456
loadtest0915,LoadTest@123456
loadtest0916,LoadTest@123456
loadtest0917,LoadTest@123456
loadtest0918,LoadTest@123456
loadtest0919,LoadTest@123456
loadtest0920,LoadTest@123456
loadtest0921,LoadTest@123456
loadtest0922,LoadTest@123456
loadtest0923,LoadTest@123456
loadtest0924,LoadTest@123456
loadtest0925,LoadTest@123456
loadtest0926,LoadTest@123456
loadtest0927,LoadTest@123456
loadtest0928,LoadTest@123456
loadtest0929,LoadTest@123456
loadtest0930,LoadTest@123456
loadtest0931,LoadTest@123456
loadtest0932,LoadTest@123456
loadtest0933,LoadTest@123456
loadtest0934,LoadTest@123456
loadtest0935,LoadTest@123456
loadtest0936,LoadTest@123456
loadtest0937,LoadTest@123456
loadtest0938,LoadTest@123456
loadtest0939,LoadTest@123456
loadtest0940,LoadTest@123456
loadtest0941,LoadTest@123456
loadtest0942,LoadTest@123456
loadtest0943,LoadTest@123456
loadtest0944,LoadTest@123456
loadtest0945,LoadTest@123456
loadtest0946,LoadTest@123456
loadtest0947,LoadTest@123456
loadtest0948,LoadTest@123456
loadtest0949,LoadTest@123456
loadtest0950,LoadTest@123456
loadtest0951,LoadTest@123456
loadtest0952,LoadTest@123456
loadtest0953,LoadTest@123456
loadtest0954,LoadTest@123456
loadtest0955,LoadTest@123456
loadtest0956,LoadTest@123456
loadtest0957,LoadTest@123456
loadtest0958,LoadTest@123456
loadtest0959,LoadTest@123456
loadtest0960,LoadTest@123456
loadtest0961,LoadTest@123456
loadtest0962,LoadTest@123456
loadtest0963,LoadTest@123456
loadtest0964,LoadTest@123456
loadtest0965,LoadTest@123456
loadtest0966,LoadTest@123456
loadtest0967,LoadTest@123456
loadtest0968,LoadTest@123456
loadtest0969,LoadTest@123456
loadtest0970,LoadTest@123456
loadtest0971,LoadTest@123456
loadtest0972,LoadTest@123456
loadtest0973,LoadTest@123456
loadtest0974,LoadTest@123456
loadtest0975,LoadTest@123456
loadtest0976,LoadTest@123456
loadtest0977,LoadTest@123456
loadtest0978,LoadTest@123456
loadtest0979,LoadTest@123456
loadtest0980,LoadTest@123456
loadtest0981,LoadTest@123456
loadtest0982,LoadTest@123456
loadtest0983,LoadTest@123456
loadtest0984,LoadTest@123456
loadtest0985,LoadTest@123456
loadtest0986,LoadTest@123456
loadtest0987,LoadTest@123456
loadtest0988,LoadTest@123456
loadtest0989,LoadTest@123456
loadtest0990,LoadTest@123456
loadtest0991,LoadTest@123456
loadtest0992,LoadTest@123456
loadtest0993,LoadTest@123456
loadtest0994,LoadTest@123456
loadtest0995,LoadTest@123456
loadtest0996,LoadTest@123456
loadtest0997,LoadTest@123456
loadtest0998,LoadTest@123456
loadtest0999,LoadTest@123456
loadtest1000,LoadTest@123456
